<?xml version="1.0" encoding="utf-8" standalone="yes"?>
<rss version="2.0" xmlns:atom="http://www.w3.org/2005/Atom">
    <channel>
        <title>Categories on devbydap</title>
        <link>http://localhost:1313/categories/</link>
        <description>Recent content in Categories on devbydap</description>
        <generator>Hugo -- gohugo.io</generator>
        <language>es-es</language>
        <lastBuildDate>Mon, 20 Oct 2025 00:00:00 +0000</lastBuildDate><atom:link href="http://localhost:1313/categories/index.xml" rel="self" type="application/rss+xml" /><item>
        <title>Webdev</title>
        <link>http://localhost:1313/categories/webdev/</link>
        <pubDate>Mon, 20 Oct 2025 00:00:00 +0000</pubDate>
        
        <guid>http://localhost:1313/categories/webdev/</guid>
        <description></description>
        </item>
        <item>
        <title>Example Categoryyy</title>
        <link>http://localhost:1313/categories/example-category/</link>
        <pubDate>Mon, 01 Jan 0001 00:00:00 +0000</pubDate>
        
        <guid>http://localhost:1313/categories/example-category/</guid>
        <description></description>
        </item>
        
    </channel>
</rss>
