<?xml version="1.0" encoding="utf-8" standalone="yes"?>
<rss version="2.0" xmlns:atom="http://www.w3.org/2005/Atom">
    <channel>
        <title>Tags on devbydap</title>
        <link>http://localhost:1313/tags/</link>
        <description>Recent content in Tags on devbydap</description>
        <generator>Hugo -- gohugo.io</generator>
        <language>es-es</language>
        <lastBuildDate>Mon, 20 Oct 2025 00:00:00 +0000</lastBuildDate><atom:link href="http://localhost:1313/tags/index.xml" rel="self" type="application/rss+xml" /><item>
        <title>Css</title>
        <link>http://localhost:1313/tags/css/</link>
        <pubDate>Mon, 20 Oct 2025 00:00:00 +0000</pubDate>
        
        <guid>http://localhost:1313/tags/css/</guid>
        <description></description>
        </item>
        <item>
        <title>Html</title>
        <link>http://localhost:1313/tags/html/</link>
        <pubDate>Mon, 20 Oct 2025 00:00:00 +0000</pubDate>
        
        <guid>http://localhost:1313/tags/html/</guid>
        <description></description>
        </item>
        <item>
        <title>Markdown</title>
        <link>http://localhost:1313/tags/markdown/</link>
        <pubDate>Mon, 20 Oct 2025 00:00:00 +0000</pubDate>
        
        <guid>http://localhost:1313/tags/markdown/</guid>
        <description></description>
        </item>
        <item>
        <title>Syntax</title>
        <link>http://localhost:1313/tags/syntax/</link>
        <pubDate>Mon, 20 Oct 2025 00:00:00 +0000</pubDate>
        
        <guid>http://localhost:1313/tags/syntax/</guid>
        <description></description>
        </item>
        <item>
        <title>Themes</title>
        <link>http://localhost:1313/tags/themes/</link>
        <pubDate>Mon, 20 Oct 2025 00:00:00 +0000</pubDate>
        
        <guid>http://localhost:1313/tags/themes/</guid>
        <description></description>
        </item>
        
    </channel>
</rss>
