<?xml version="1.0" encoding="utf-8" standalone="yes"?>
<rss version="2.0" xmlns:atom="http://www.w3.org/2005/Atom">
    <channel>
        <title>Example Categoryyy on devbydap</title>
        <link>http://localhost:1313/categories/example-category/</link>
        <description>Recent content in Example Categoryyy on devbydap</description>
        <generator>Hugo -- gohugo.io</generator>
        <language>es-es</language><atom:link href="http://localhost:1313/categories/example-category/index.xml" rel="self" type="application/rss+xml" />
    </channel>
</rss>
