[{"content":"Welcome to Hugo theme Stack. This is your first post. Edit or delete it, then start writing!\nFor more information about this theme, check the documentation: https://stack.jimmycai.com/\nWant a site like this? Check out hugo-theme-stack-stater\nPhoto by Pawel Czerwinski on Unsplash\n","date":"2022-03-06T00:00:00Z","image":"http://localhost:1313/p/hello-world/cover_hud7e36f7e20e71be184458283bdae4646_55974_120x120_fill_q75_box_smart1.jpg","permalink":"http://localhost:1313/p/hello-world/","title":"Hello World"},{"content":"This article offers a sample of basic Markdown syntax that can be used in Hugo content files, also it shows whether basic HTML elements are decorated with CSS in a Hugo theme.\nHeadings The following HTML \u0026lt;h1\u0026gt;—\u0026lt;h6\u0026gt; elements represent six levels of section headings. \u0026lt;h1\u0026gt; is the highest section level while \u0026lt;h6\u0026gt; is the lowest.\nH1 H2 H3 H4 H5 H6 Paragraph Xerum, quo qui aut unt expliquam qui dolut labo. Aque venitatiusda cum, voluptionse latur sitiae dolessi aut parist aut dollo enim qui voluptate ma dolestendit peritin re plis aut quas inctum laceat est volestemque commosa as cus endigna tectur, offic to cor sequas etum rerum idem sintibus eiur? Quianimin porecus evelectur, cum que nis nust voloribus ratem aut omnimi, sitatur? Quiatem. Nam, omnis sum am facea corem alique molestrunt et eos evelece arcillit ut aut eos eos nus, sin conecerem erum fuga. Ri oditatquam, ad quibus unda veliamenimin cusam et facea ipsamus es exerum sitate dolores editium rerore eost, temped molorro ratiae volorro te reribus dolorer sperchicium faceata tiustia prat.\nItatur? Quiatae cullecum rem ent aut odis in re eossequodi nonsequ idebis ne sapicia is sinveli squiatum, core et que aut hariosam ex eat.\nBlockquotes The blockquote element represents content that is quoted from another source, optionally with a citation which must be within a footer or cite element, and optionally with in-line changes such as annotations and abbreviations.\nBlockquote without attribution Tiam, ad mint andaepu dandae nostion secatur sequo quae. Note that you can use Markdown syntax within a blockquote.\nBlockquote with attribution Don\u0026rsquo;t communicate by sharing memory, share memory by communicating.\n— Rob Pike1\nTables Tables aren\u0026rsquo;t part of the core Markdown spec, but Hugo supports supports them out-of-the-box.\nName Age Bob 27 Alice 23 Inline Markdown within tables Italics Bold Code italics bold code A B C D E F Lorem ipsum dolor sit amet, consectetur adipiscing elit. Phasellus ultricies, sapien non euismod aliquam, dui ligula tincidunt odio, at accumsan nulla sapien eget ex. Proin eleifend dictum ipsum, non euismod ipsum pulvinar et. Vivamus sollicitudin, quam in pulvinar aliquam, metus elit pretium purus Proin sit amet velit nec enim imperdiet vehicula. Ut bibendum vestibulum quam, eu egestas turpis gravida nec Sed scelerisque nec turpis vel viverra. Vivamus vitae pretium sapien Code Blocks Code block with backticks 1 2 3 4 5 6 7 8 9 10 \u0026lt;!doctype html\u0026gt; \u0026lt;html lang=\u0026#34;en\u0026#34;\u0026gt; \u0026lt;head\u0026gt; \u0026lt;meta charset=\u0026#34;utf-8\u0026#34;\u0026gt; \u0026lt;title\u0026gt;Example HTML5 Document\u0026lt;/title\u0026gt; \u0026lt;/head\u0026gt; \u0026lt;body\u0026gt; \u0026lt;p\u0026gt;Test\u0026lt;/p\u0026gt; \u0026lt;/body\u0026gt; \u0026lt;/html\u0026gt; Code block indented with four spaces \u0026lt;!doctype html\u0026gt; \u0026lt;html lang=\u0026quot;en\u0026quot;\u0026gt; \u0026lt;head\u0026gt; \u0026lt;meta charset=\u0026quot;utf-8\u0026quot;\u0026gt; \u0026lt;title\u0026gt;Example HTML5 Document\u0026lt;/title\u0026gt; \u0026lt;/head\u0026gt; \u0026lt;body\u0026gt; \u0026lt;p\u0026gt;Test\u0026lt;/p\u0026gt; \u0026lt;/body\u0026gt; \u0026lt;/html\u0026gt; Diff code block 1 2 3 4 5 [dependencies.bevy] git = \u0026#34;https://github.com/bevyengine/bevy\u0026#34; rev = \u0026#34;11f52b8c72fc3a568e8bb4a4cd1f3eb025ac2e13\u0026#34; - features = [\u0026#34;dynamic\u0026#34;] + features = [\u0026#34;jpeg\u0026#34;, \u0026#34;dynamic\u0026#34;] One line code block 1 \u0026lt;p\u0026gt;A paragraph\u0026lt;/p\u0026gt; List Types Ordered List First item Second item Third item Unordered List List item Another item And another item Nested list Fruit Apple Orange Banana Dairy Milk Cheese Other Elements — abbr, sub, sup, kbd, mark GIF is a bitmap image format.\nH2O\nXn + Yn = Zn\nPress CTRL + ALT + Delete to end the session.\nMost salamanders are nocturnal, and hunt for insects, worms, and other small creatures.\nThe above quote is excerpted from Rob Pike\u0026rsquo;s talk during Gopherfest, November 18, 2015.\u0026#160;\u0026#x21a9;\u0026#xfe0e;\n","date":"2023-09-07T00:00:00Z","permalink":"http://localhost:1313/p/markdown-syntax-guide/","title":"Markdown Syntax Guide"},{"content":"Hugo theme Stack supports the creation of interactive image galleries using Markdown. It\u0026rsquo;s powered by PhotoSwipe and its syntax was inspired by Typlog.\nTo use this feature, the image must be in the same directory as the Markdown file, as it uses Hugo\u0026rsquo;s page bundle feature to read the dimensions of the image. External images are not supported.\nSyntax 1 ![Image 1](1.jpg) ![Image 2](2.jpg) Result Photo by mymind and Luke Chesser on Unsplash\n","date":"2023-08-26T00:00:00Z","image":"http://localhost:1313/p/image-gallery/2_hubce42636ecacc1a380b462f3110efcec_37455_120x120_fill_q75_box_smart1.jpg","permalink":"http://localhost:1313/p/image-gallery/","title":"Image gallery"},{"content":"For more details, check out the documentation.\nBilibili video Tencent video YouTube video Generic video file Your browser doesn't support HTML5 video. Here is a link to the video instead. Gist GitLab Quote Lorem ipsum dolor sit amet, consectetur adipiscing elit, sed do eiusmod tempor incididunt ut labore et dolore magna aliqua. Ut enim ad minim veniam, quis nostrud exercitation ullamco laboris nisi ut aliquip ex ea commodo consequat. Duis aute irure dolor in reprehenderit in voluptate velit esse cillum dolore eu fugiat nulla pariatur. Excepteur sint occaecat cupidatat non proident, sunt in culpa qui officia deserunt mollit anim id est laborum.\n― A famous person, The book they wrote Photo by Codioful on Unsplash\n","date":"2023-08-25T00:00:00Z","image":"http://localhost:1313/p/shortcodes/cover_huec3c3e34981507583e214021ad1b9a4b_12942_120x120_fill_q75_box_smart1.jpg","permalink":"http://localhost:1313/p/shortcodes/","title":"Shortcodes"},{"content":"Stack has built-in support for math typesetting using KaTeX.\nIt\u0026rsquo;s not enabled by default side-wide, but you can enable it for individual posts by adding math: true to the front matter. Or you can enable it side-wide by adding math = true to the params.article section in config.toml.\nInline math This is an inline mathematical expression: $\\varphi = \\dfrac{1+\\sqrt5}{2}= 1.6180339887…$\n1 $\\varphi = \\dfrac{1+\\sqrt5}{2}= 1.6180339887…$ Block math $$ \\varphi = 1+\\frac{1} {1+\\frac{1} {1+\\frac{1} {1+\\cdots} } } $$ 1 2 3 $$ \\varphi = 1+\\frac{1} {1+\\frac{1} {1+\\frac{1} {1+\\cdots} } } $$ $$ f(x) = \\int_{-\\infty}^\\infty\\hat f(\\xi)\\,e^{2 \\pi i \\xi x}\\,d\\xi $$ 1 2 3 $$ f(x) = \\int_{-\\infty}^\\infty\\hat f(\\xi)\\,e^{2 \\pi i \\xi x}\\,d\\xi $$ ","date":"2023-08-24T00:00:00Z","permalink":"http://localhost:1313/p/math-typesetting/","title":"Math Typesetting"}]