<?xml version="1.0" encoding="utf-8" standalone="yes"?>
<rss version="2.0" xmlns:atom="http://www.w3.org/2005/Atom">
    <channel>
        <title>Example Tag on devbydap</title>
        <link>http://localhost:1313/tags/example-tag/</link>
        <description>Recent content in Example Tag on devbydap</description>
        <generator>Hugo -- gohugo.io</generator>
        <language>es-es</language>
        <lastBuildDate>Sun, 06 Mar 2022 00:00:00 +0000</lastBuildDate><atom:link href="http://localhost:1313/tags/example-tag/index.xml" rel="self" type="application/rss+xml" /><item>
        <title>Bienvenido a devbydap</title>
        <link>http://localhost:1313/p/hello-world/</link>
        <pubDate>Sun, 06 Mar 2022 00:00:00 +0000</pubDate>
        
        <guid>http://localhost:1313/p/hello-world/</guid>
        <description>&lt;img src="http://localhost:1313/p/hello-world/cover.jpg" alt="Featured image of post Bienvenido a devbydap" /&gt;&lt;p&gt;Welcome to Hugo theme Stack. This is your first post. Edit or delete it, then start writing!&lt;/p&gt;
&lt;p&gt;For more information about this theme, check the documentation: &lt;a class=&#34;link&#34; href=&#34;https://stack.jimmycai.com/&#34;  target=&#34;_blank&#34; rel=&#34;noopener&#34;
    &gt;https://stack.jimmycai.com/&lt;/a&gt;&lt;/p&gt;
&lt;p&gt;Want a site like this? Check out &lt;a class=&#34;link&#34; href=&#34;https://github.com/TuNombre/hugo-theme-stack-starter&#34;  target=&#34;_blank&#34; rel=&#34;noopener&#34;
    &gt;hugo-theme-stack-stater&lt;/a&gt;&lt;/p&gt;
&lt;blockquote&gt;
&lt;p&gt;Photo by &lt;a class=&#34;link&#34; href=&#34;https://unsplash.com/@pawel_czerwinski&#34;  target=&#34;_blank&#34; rel=&#34;noopener&#34;
    &gt;Pawel Czerwinski&lt;/a&gt; on &lt;a class=&#34;link&#34; href=&#34;https://unsplash.com/&#34;  target=&#34;_blank&#34; rel=&#34;noopener&#34;
    &gt;Unsplash&lt;/a&gt;&lt;/p&gt;
&lt;/blockquote&gt;
</description>
        </item>
        
    </channel>
</rss>
